{"bounds":{"east":112.27139701848678,"north":31.026628725595643,"south":31.011751821698827,"west":112.2621970415657},"contentType":"image/png","generatetool":"cesiumlab3@www.cesiumlab.com/imagetiler","latLonBounds":{"east":112.27139701848678,"north":31.026628725595643,"south":31.011751821698827,"west":112.2621970415657},"maxzoom":19,"minzoom":0,"proj":4326,"tilesize":256,"tiletrans":"tms","type":"image","ziped":false}