{"bounds":{"east":112.27139701848677,"north":31.026628725595643,"south":31.01175243398507,"west":112.26219704156568},"contentType":"image/png","generatetool":"cesiumlab3@www.cesiumlab.com/imagetiler","latLonBounds":{"east":112.27139701848677,"north":31.026628725595643,"south":31.01175243398507,"west":112.26219704156568},"maxzoom":20,"minzoom":0,"proj":3857,"tilesize":256,"tiletrans":"google","type":"image","ziped":false}