{"bounds":{"east":112.271397018487,"north":31.0266287255956,"south":31.0117524339851,"west":112.262197041566},"contentType":"image/png","generatetool":"cesiumlab3@www.cesiumlab.com/imagetiler","latLonBounds":{"east":112.271397018487,"north":31.0266287255956,"south":31.0117524339851,"west":112.262197041566},"maxzoom":20,"minzoom":0,"proj":3857,"tilesize":256,"tiletrans":"google","type":"image","ziped":false}